,start Length,Time,Branches,Unit clauses removed,Pure clauses removed
0,6,0.0,0,454,0
1,6,0.0,0,454,0
2,6,0.015649080276489258,0,454,0
3,6,0.0,0,454,0
4,6,0.0,0,454,0
5,6,0.01562190055847168,0,454,0
6,4,0.0,0,452,0
7,4,0.0,0,452,0
8,4,0.0,0,452,0
9,4,0.0,0,452,0
10,6,0.0,0,454,0
11,6,0.0,0,454,0
12,4,0.0,0,452,0
13,6,0.0,0,454,0
14,6,0.015621185302734375,0,454,0
15,4,0.0,0,452,0
16,4,0.0,0,452,0
17,4,0.015622138977050781,0,452,0
18,4,0.0,0,452,0
19,6,0.0,0,454,0
